{
    "auto_load": true,
    "auto_save": true,
    "colors": {
        "bg_active": 2684687680,
        "bg_active_line": 4279909248,
        "bg_fail": 2422210560,
        "bg_fail_line": 4289724416,
        "bg_success": 631255168,
        "shadow": 4278190080,
        "text_cond": 4294953984,
        "text_dark": 4287137928,
        "text_dr": 4278255360,
        "text_live": 4278255615,
        "text_normal": 4294967295
    },
    "filter_unknowns": true,
    "hide_children": true,
    "hide_unintentional": true,
    "pos": {
        "x": 0.004000000189989805,
        "y": 0.15199999511241913
    },
    "record_prev_frame_input": true,
    "scale": {
        "cartouche_width": 0.2160000056028366,
        "font_height": 0.020999999716877937,
        "icon_height": 0.026000000536441803,
        "line_spacing": 0.03500000014901161,
        "max_visible_steps": 17,
        "offset_x_arrow": -0.003000000026077032,
        "offset_y_arrow": -0.0020000000949949026,
        "offset_y_index": -0.014999999664723873
    },
    "show_frame_kills": true,
    "strict_charge": false,
    "timers": {
        "fail_reset_delay": 1.5
    },
    "use_input_buffer": true
}