{
    "auto_load": true,
    "cartouche_height": 0.5,
    "cartouche_offset_x": 0.0,
    "cartouche_offset_y": 0.0,
    "cartouche_width": 0.22,
    "colors": {
        "bg_active": 2690650224,
        "bg_active_line": 4291834096,
        "bg_fail": 2422210560,
        "bg_fail_line": 4289724416,
        "bg_overlay": 2231369728,
        "bg_overlay_success": 1087393968,
        "bg_success": 631255168,
        "bg_success_line": 4291842224,
        "fail": 4278190335,
        "live": 4278255615,
        "shadow": 4278190080,
        "success": 4278255360,
        "text": 4294967295,
        "text_cond": 4294953984,
        "text_dark": 4287137928,
        "text_dr": 4278255360,
        "text_live": 4278255615,
        "text_normal": 4294967295
    },
    "enabled": true,
    "fail_display_frames": 120,
    "float_pos": {
        "x": 0.2,
        "y": 0.2
    },
    "float_size": {
        "h": 0.10377777777777777,
        "w": 0.4125
    },
    "font_size": 0.028,
    "forced_position_idx": 1,
    "hud_font_size": 20,
    "hud_global_y": -0.337,
    "hud_show": true,
    "hud_spacing_y": 0.028,
    "icon_size": 0.035,
    "idle_max_history": 10,
    "idle_pos_p1": {
        "x": 0.05,
        "y": 0.35
    },
    "idle_pos_p2": {
        "x": 0.85,
        "y": 0.35
    },
    "idle_show_p1": true,
    "idle_show_p2": true,
    "ignore_auto": true,
    "max_history": 10,
    "pos": {
        "x": 0.028999999165534973,
        "y": 0.13699999451637268
    },
    "pos_combo_stats": {
        "x": 0.5,
        "y": 0.085
    },
    "pos_live_single_p1": {
        "x": 0.05,
        "y": 0.8
    },
    "pos_live_single_p2": {
        "x": 0.85,
        "y": 0.8
    },
    "pos_p1": {
        "x": 0.05,
        "y": 0.35
    },
    "pos_p2": {
        "x": 0.85,
        "y": 0.35
    },
    "pos_trial": {
        "x": 0.4,
        "y": 0.15
    },
    "pos_trial_header": {
        "x": 0.5,
        "y": 0.05
    },
    "pos_trial_p1": {
        "x": 0.05,
        "y": 0.35
    },
    "pos_trial_p2": {
        "x": 0.85,
        "y": 0.35
    },
    "scale": {
        "font_height": 0.02500000037252903,
        "icon_height": 0.024000000208616257,
        "line_spacing": 0.032999999821186066
    },
    "show_combo_count": true,
    "show_live_single_p1": true,
    "show_live_single_p2": true,
    "show_p1": true,
    "show_p2": true,
    "spacing_x": 0.005,
    "spacing_y": 0.045,
    "special_icon_scale": 1.0,
    "text_y_offset": 0.0,
    "trial_visible_steps": 7
}